candidate_id,name,role,skills,experience,location,current_company,salary_expectation
1000,Kyle Conley,Full-Stack Engineer,"JavaScript,Python,React,Django,Node.js,Redis,PostgreSQL,Jenkins",14,Dwaynemouth,"Roman, Martin and Hunter",84000
1001,Pamela Collier,Frontend Engineer,"JavaScript,React,TypeScript,HTML/CSS,Redux,NoSQL",2,Port Cynthiachester,Moore-Stevenson,130000
1002,Jonathan Gonzalez,Frontend Engineer,"JavaScript,React,TypeScript,HTML/CSS,Redux,Redis,PostgreSQL",2,Sandramouth,"Gray, Brown and Hawkins",136000
1003,Jordan Ware,Backend Engineer,"Python,Java,C++,SQL,API Design,Microservices,GraphQL,Jenkins",8,West Susanside,Schneider Inc,205000
1004,James Porter,UX Designer,"Figma,User Research,Prototyping,UI/UX,NoSQL,GCP,REST",3,Lake Lee,"Hawkins, Edwards and Mercado",212000
1005,Edward Huber,Frontend Engineer,"JavaScript,React,TypeScript,HTML/CSS,Redux,GraphQL,PostgreSQL,Git",3,Rothstad,Gomez-Dodson,157000
1006,Paul Williams,Backend Engineer,"Python,Java,C++,SQL,API Design,Microservices,NoSQL,REST,GCP",6,Derrickfort,Brown and Sons,181000
1007,Dana Davis,DevOps Engineer,"AWS,Docker,Kubernetes,CI/CD,Terraform,Git,GCP,NoSQL",3,Cruzton,"Atkins, Sanchez and Walter",87000
1008,Sonya Clark,QA Engineer,"Testing,Automation,Selenium,JIRA,REST,Jenkins,Redis",15,South Kathy,Williams Ltd,169000
1009,Kelly Reyes,QA Engineer,"Testing,Automation,Selenium,JIRA,GCP,REST",7,West Nicoleside,"Andrews, Henry and Reese",119000
1010,Sarah Santiago,Backend Engineer,"Python,Java,C++,SQL,API Design,Microservices,Redis",1,Shannonmouth,Thomas Ltd,168000
1011,Russell Figueroa,Data Scientist,"Python,Machine Learning,Statistics,Pandas,Azure,Jenkins,GraphQL",4,South Nicholas,Bauer LLC,109000
1012,Lori Hendricks,Full-Stack Engineer,"JavaScript,Python,React,Django,Node.js,NoSQL",11,Justinmouth,Conner PLC,159000
1013,Erika Bradley,Data Engineer,"Python,SQL,Spark,ETL,Data Pipelines,Jenkins,REST",9,Port Christopherland,"Butler, Cole and Glover",163000
1014,Janice Miller,QA Engineer,"Testing,Automation,Selenium,JIRA,GCP,NoSQL,PostgreSQL",13,West Jeffery,Mckinney Group,131000
1015,Erik Cole,Frontend Engineer,"JavaScript,React,TypeScript,HTML/CSS,Redux,Redis,Azure",4,Whitneychester,Rivera-Holt,126000
1016,Jessica Wise,UX Designer,"Figma,User Research,Prototyping,UI/UX,Redis,Jenkins,NoSQL",13,Franciscoport,Lindsey LLC,177000
1017,Daniel Nunez,DevOps Engineer,"AWS,Docker,Kubernetes,CI/CD,Terraform,Jenkins,Git",7,Karenborough,Becker-Foster,202000
1018,Eric Monroe,Data Engineer,"Python,SQL,Spark,ETL,Data Pipelines,Git,Azure,GraphQL",13,East Tina,Hancock-Goodwin,161000
1019,Carolyn Tran,UX Designer,"Figma,User Research,Prototyping,UI/UX,NoSQL",14,South Samanthafort,"King, Bowers and Nguyen",116000
1020,Emma Webster,Frontend Engineer,"JavaScript,React,TypeScript,HTML/CSS,Redux,GCP,REST",13,South Savannahborough,Stevens Ltd,217000
1021,Jody Olson,Backend Engineer,"Python,Java,C++,SQL,API Design,Microservices,REST",13,Tiffanyville,Tyler-Hobbs,125000
1022,Lydia Perez,Data Scientist,"Python,Machine Learning,Statistics,Pandas,REST",9,North Kaylabury,Gardner Ltd,118000
1023,James Williams,Data Engineer,"Python,SQL,Spark,ETL,Data Pipelines,Azure,GCP,NoSQL",15,Lawsonview,Carey-Jackson,114000
1024,David Smith,DevOps Engineer,"AWS,Docker,Kubernetes,CI/CD,Terraform,NoSQL",13,Kaufmanfurt,Callahan Inc,184000
1025,Nicholas Walker,Backend Engineer,"Python,Java,C++,SQL,API Design,Microservices,Jenkins",3,Lake Jenniferport,Bryant-Leonard,134000
1026,Richard Gutierrez,Frontend Engineer,"JavaScript,React,TypeScript,HTML/CSS,Redux,Jenkins,Kafka",14,Andrefort,Chapman-Chang,127000
1027,Luis Edwards,DevOps Engineer,"AWS,Docker,Kubernetes,CI/CD,Terraform,Git,Redis",3,Lake Kenneth,Allen and Sons,173000
1028,John Colon,QA Engineer,"Testing,Automation,Selenium,JIRA,REST,Redis,Jenkins",13,Eddieborough,Page Group,156000
1029,Andrea Young,DevOps Engineer,"AWS,Docker,Kubernetes,CI/CD,Terraform,Jenkins,PostgreSQL,Git",6,East Julie,"Armstrong, Fernandez and Wilson",131000
1030,Richard Lindsey,DevOps Engineer,"AWS,Docker,Kubernetes,CI/CD,Terraform,GCP,Azure",9,North Evelynbury,"Bradley, Williams and Richard",163000
1031,Eric Lewis,Frontend Engineer,"JavaScript,React,TypeScript,HTML/CSS,Redux,Redis,PostgreSQL",15,New Brian,Turner Group,214000
1032,Abigail Smith,DevOps Engineer,"AWS,Docker,Kubernetes,CI/CD,Terraform,Jenkins",11,Averyville,Patrick-Greene,163000
1033,Alexandra Ortega,UX Designer,"Figma,User Research,Prototyping,UI/UX,NoSQL,Azure,GraphQL",1,Lake Kevinton,Dudley-Walker,83000
1034,Regina Lawrence,Backend Engineer,"Python,Java,C++,SQL,API Design,Microservices,PostgreSQL,Azure,GCP",6,North Donnaville,"Hernandez, Garza and Shaw",116000
1035,Jeffrey Luna,Backend Engineer,"Python,Java,C++,SQL,API Design,Microservices,Redis,Jenkins",1,West Mariaside,"Lewis, Rogers and Vazquez",181000
1036,Michael Sloan,Full-Stack Engineer,"JavaScript,Python,React,Django,Node.js,Redis,Kafka",12,Warrenbury,"Parker, Maxwell and Thompson",100000
1037,Ryan Hendricks,Frontend Engineer,"JavaScript,React,TypeScript,HTML/CSS,Redux,NoSQL,GraphQL,REST",8,East Kayla,"Hall, Sims and Hoffman",116000
1038,Brian Brooks,Full-Stack Engineer,"JavaScript,Python,React,Django,Node.js,REST",11,Williamsland,Rivera PLC,194000
1039,Chad Brown,Data Engineer,"Python,SQL,Spark,ETL,Data Pipelines,Azure,NoSQL",13,New Christine,Galloway-Waller,117000
1040,Jessica Higgins,Backend Engineer,"Python,Java,C++,SQL,API Design,Microservices,GCP",7,North Barbara,Hayes Inc,119000
1041,Nicholas Kerr,QA Engineer,"Testing,Automation,Selenium,JIRA,Git",6,Solishaven,Kennedy Group,100000
1042,Gregory Guzman,Backend Engineer,"Python,Java,C++,SQL,API Design,Microservices,Azure,Git,NoSQL",8,North Angelfurt,Cameron-Hernandez,187000
1043,Jordan Ferguson,Full-Stack Engineer,"JavaScript,Python,React,Django,Node.js,Kafka,GraphQL,Redis",5,Lake Judyfort,"Reed, Richardson and Mcknight",163000
1044,Lisa Blake,DevOps Engineer,"AWS,Docker,Kubernetes,CI/CD,Terraform,GraphQL,Jenkins",15,North Stephaniefort,Nguyen Ltd,135000
1045,Michael Sanders,Backend Engineer,"Python,Java,C++,SQL,API Design,Microservices,Jenkins,REST,Git",11,Davidbury,Fisher and Sons,109000
1046,Michael Baker,Frontend Engineer,"JavaScript,React,TypeScript,HTML/CSS,Redux,Redis,NoSQL,Git",1,New Kayla,"Drake, Abbott and Collins",200000
1047,Jerry Smith,Full-Stack Engineer,"JavaScript,Python,React,Django,Node.js,GraphQL,Azure",1,West Ryan,Cole Group,151000
1048,Shawn Lopez DVM,Data Engineer,"Python,SQL,Spark,ETL,Data Pipelines,Kafka,Git,Jenkins",14,Port Christinechester,Pierce-Gonzalez,206000
1049,Michael Oconnor,Full-Stack Engineer,"JavaScript,Python,React,Django,Node.js,PostgreSQL,GCP",14,Port Stephanie,"Johnson, Graves and Wilkins",121000
1050,Cynthia Lewis,Data Engineer,"Python,SQL,Spark,ETL,Data Pipelines,GCP,NoSQL,GraphQL",14,Chrisberg,Salinas LLC,141000
1051,Cynthia Cox,Backend Engineer,"Python,Java,C++,SQL,API Design,Microservices,GCP",1,East Seanmouth,"Blackburn, Conway and Duran",130000
1052,Elizabeth Hood,Data Scientist,"Python,Machine Learning,Statistics,Pandas,Jenkins,REST",12,South Laura,"Lee, Hernandez and Barber",182000
1053,Richard Travis,Frontend Engineer,"JavaScript,React,TypeScript,HTML/CSS,Redux,Kafka,Redis",15,Wilkinsonview,Roy-Lopez,151000
1054,Andrea Jones,Backend Engineer,"Python,Java,C++,SQL,API Design,Microservices,GraphQL",13,Danielfort,Owens-Mosley,104000
1055,Devin Porter,Backend Engineer,"Python,Java,C++,SQL,API Design,Microservices,Kafka",11,New Danburgh,Brown-Lewis,172000
1056,Hannah Price,Frontend Engineer,"JavaScript,React,TypeScript,HTML/CSS,Redux,Git,GCP",15,Josephland,"Harrison, Jones and Spencer",146000
1057,Karen Mccarthy,DevOps Engineer,"AWS,Docker,Kubernetes,CI/CD,Terraform,Git",3,South Alexander,"Underwood, Jacobs and Barnes",133000
1058,Danielle Walker,Backend Engineer,"Python,Java,C++,SQL,API Design,Microservices,PostgreSQL,Jenkins",2,Christopherchester,Castillo and Sons,219000
1059,Carlos Hernandez,Backend Engineer,"Python,Java,C++,SQL,API Design,Microservices,Git,Jenkins,NoSQL",3,South Christopherchester,Rodriguez-Martin,141000
1060,Robert Hunter,Data Scientist,"Python,Machine Learning,Statistics,Pandas,Kafka,NoSQL,PostgreSQL",10,Nancyberg,"Anthony, Moore and Delacruz",99000
1061,Ashley Reynolds,QA Engineer,"Testing,Automation,Selenium,JIRA,GraphQL,Redis,PostgreSQL",1,Michaelport,Yang-Valdez,148000
1062,Kyle Chambers,QA Engineer,"Testing,Automation,Selenium,JIRA,REST,Kafka,PostgreSQL",13,Port Timfort,"Garcia, Villanueva and Griffith",89000
1063,Tonya Martinez,Frontend Engineer,"JavaScript,React,TypeScript,HTML/CSS,Redux,Azure,Kafka,REST",3,Joneschester,Herrera-Decker,91000
1064,Cathy George,Backend Engineer,"Python,Java,C++,SQL,API Design,Microservices,GraphQL",2,North Julia,Yu LLC,220000
1065,Alicia Ward,Backend Engineer,"Python,Java,C++,SQL,API Design,Microservices,Git,GraphQL",7,Brianview,"Buchanan, Nielsen and Farley",126000
1066,Jesus Kennedy,Backend Engineer,"Python,Java,C++,SQL,API Design,Microservices,GraphQL",13,New Kelly,Kelly Group,186000
1067,Lisa Evans,Full-Stack Engineer,"JavaScript,Python,React,Django,Node.js,Git,Azure,REST",11,South Michael,Lane PLC,199000
1068,Randy Ford,Backend Engineer,"Python,Java,C++,SQL,API Design,Microservices,GCP,Jenkins",12,West Jamesstad,Tucker-Simpson,162000
1069,Peter Little,Frontend Engineer,"JavaScript,React,TypeScript,HTML/CSS,Redux,GCP",13,Sarahville,Lee-Bennett,99000
1070,Jason Brown,Frontend Engineer,"JavaScript,React,TypeScript,HTML/CSS,Redux,REST",9,East Cesar,Thomas-Oneal,130000
1071,Jeremy Holloway,Backend Engineer,"Python,Java,C++,SQL,API Design,Microservices,Kafka,Azure,Jenkins",1,East Amandaside,"Thompson, Miller and Zimmerman",202000
1072,Benjamin Mcneil,Data Engineer,"Python,SQL,Spark,ETL,Data Pipelines,NoSQL,Redis",3,Lake Lindaside,Gonzales-Martin,187000
1073,Steven Anderson,Backend Engineer,"Python,Java,C++,SQL,API Design,Microservices,Git,Azure",13,Cisnerosmouth,"Rios, Johnson and Benson",106000
1074,Christina Ramirez,Frontend Engineer,"JavaScript,React,TypeScript,HTML/CSS,Redux,Azure",7,Russellport,"Morrow, Campbell and Hamilton",105000
1075,Jessica Baker,DevOps Engineer,"AWS,Docker,Kubernetes,CI/CD,Terraform,Git,GraphQL",15,Port Janetfort,Williams-Nolan,158000
1076,Brandon Richardson,UX Designer,"Figma,User Research,Prototyping,UI/UX,GraphQL,NoSQL,Kafka",5,Goodmanton,Robinson LLC,119000
1077,Mark Ramirez,Backend Engineer,"Python,Java,C++,SQL,API Design,Microservices,Kafka,GraphQL",11,Lake Heatherfort,Harrison LLC,98000
1078,Madison Copeland,Full-Stack Engineer,"JavaScript,Python,React,Django,Node.js,Jenkins,Git,GraphQL",13,Milesmouth,Savage-Johnson,137000
1079,Megan Martinez,Backend Engineer,"Python,Java,C++,SQL,API Design,Microservices,Git",1,Port Michaelfurt,"Gates, Jones and Goodwin",134000
1080,John Williams,DevOps Engineer,"AWS,Docker,Kubernetes,CI/CD,Terraform,Jenkins,Azure,NoSQL",12,Michaelafort,Warren Inc,127000
1081,Ashley Ali,Product Manager,"Product Strategy,Agile,Scrum,Market Research,Jenkins",13,Brandonhaven,Rice-Velez,194000
1082,Samuel Christensen,Frontend Engineer,"JavaScript,React,TypeScript,HTML/CSS,Redux,Azure",12,Shannonbury,Greene-Newman,100000
1083,Christopher Swanson,Full-Stack Engineer,"JavaScript,Python,React,Django,Node.js,GraphQL,NoSQL,Redis",11,Wheelerfurt,"Ramos, Hernandez and Lopez",80000
1084,Russell Harper,Product Manager,"Product Strategy,Agile,Scrum,Market Research,Git",13,Andrewmouth,Lloyd-Thompson,126000
1085,Richard Holland,Data Scientist,"Python,Machine Learning,Statistics,Pandas,Redis,GCP",5,Zacharyview,"Fuller, Simmons and Moses",205000
1086,Amanda Cruz,Full-Stack Engineer,"JavaScript,Python,React,Django,Node.js,PostgreSQL",3,South Benjamintown,Berg and Sons,173000
1087,Brian Vega,Full-Stack Engineer,"JavaScript,Python,React,Django,Node.js,Git,Azure",3,South Pedromouth,Mccann-Thomas,217000
1088,Theresa Bryan,Data Engineer,"Python,SQL,Spark,ETL,Data Pipelines,Jenkins",13,New Brendaville,Kelly LLC,153000
1089,Emily Sullivan,Backend Engineer,"Python,Java,C++,SQL,API Design,Microservices,Jenkins,GCP",5,New Josephberg,Ross and Sons,191000
1090,Sarah Mcclain,Frontend Engineer,"JavaScript,React,TypeScript,HTML/CSS,Redux,PostgreSQL,GraphQL",6,South Lisashire,"Henderson, Moore and Travis",139000
1091,Samantha Montoya,Backend Engineer,"Python,Java,C++,SQL,API Design,Microservices,NoSQL",2,Port Kevin,Sloan and Sons,91000
1092,Denise Garcia,Backend Engineer,"Python,Java,C++,SQL,API Design,Microservices,GraphQL",8,South Julia,"Foster, Smith and Smith",132000
1093,Jesse Long,Data Scientist,"Python,Machine Learning,Statistics,Pandas,Redis,PostgreSQL",14,Davidmouth,Jones PLC,83000
1094,Dennis Yang,DevOps Engineer,"AWS,Docker,Kubernetes,CI/CD,Terraform,PostgreSQL,Kafka,GraphQL",15,South Jennifer,Anderson PLC,202000
1095,Tracy Mcknight,Product Manager,"Product Strategy,Agile,Scrum,Market Research,GraphQL,Kafka",13,Ruizstad,Lawrence and Sons,140000
1096,Brenda Richardson,Frontend Engineer,"JavaScript,React,TypeScript,HTML/CSS,Redux,Jenkins,REST,GraphQL",10,Freemanhaven,"Blackwell, Ramirez and Fowler",80000
1097,Jacob Becker,Frontend Engineer,"JavaScript,React,TypeScript,HTML/CSS,Redux,GCP",10,Barkerfort,Horton Group,97000
1098,Daniel English,Data Engineer,"Python,SQL,Spark,ETL,Data Pipelines,REST,GCP",4,Stevenstown,Carter-Bryan,181000
1099,Patricia Bailey,Data Engineer,"Python,SQL,Spark,ETL,Data Pipelines,Git,PostgreSQL",12,South Kyle,Woods-Hurley,153000
1100,Richard Ramirez,DevOps Engineer,"AWS,Docker,Kubernetes,CI/CD,Terraform,GraphQL,GCP",5,West Kim,Haynes Group,82000
1101,Alan Carlson PhD,Backend Engineer,"Python,Java,C++,SQL,API Design,Microservices,Jenkins",2,Halechester,Lopez Ltd,161000
1102,William Martinez,Backend Engineer,"Python,Java,C++,SQL,API Design,Microservices,Redis,Jenkins,Kafka",3,North Melissa,Stokes Ltd,139000
1103,Ashley Mercer,Frontend Engineer,"JavaScript,React,TypeScript,HTML/CSS,Redux,REST",5,West Vanessa,Obrien-Baker,197000
1104,Andrea Brown,Backend Engineer,"Python,Java,C++,SQL,API Design,Microservices,Jenkins",14,Moorefurt,Miller Inc,83000
1105,Thomas Johnson,Frontend Engineer,"JavaScript,React,TypeScript,HTML/CSS,Redux,GCP,NoSQL,Kafka",6,New Martha,"Wagner, Bradford and Bass",186000
1106,Christopher Fox,Full-Stack Engineer,"JavaScript,Python,React,Django,Node.js,GCP,GraphQL",5,Matthewtown,Gibson and Sons,106000
1107,Kelly Thompson,Product Manager,"Product Strategy,Agile,Scrum,Market Research,Git,Azure",6,Sheilaport,Ortega Ltd,86000
1108,Joseph Hopkins,UX Designer,"Figma,User Research,Prototyping,UI/UX,NoSQL,Git",14,Andersonburgh,Peterson Inc,175000
1109,Emily Cain,Backend Engineer,"Python,Java,C++,SQL,API Design,Microservices,REST",8,Victormouth,Mendoza-Jackson,90000
1110,Kelly Reed,Full-Stack Engineer,"JavaScript,Python,React,Django,Node.js,Kafka,GraphQL",1,Lake Lisa,Williams Group,212000
1111,Troy Olson,Backend Engineer,"Python,Java,C++,SQL,API Design,Microservices,Azure",9,Robinbury,"Bell, Grimes and Chen",89000
1112,Christopher Williams,Full-Stack Engineer,"JavaScript,Python,React,Django,Node.js,GCP,PostgreSQL",2,North Michael,"Anderson, Curtis and Miller",155000
1113,Jeremy Hull,DevOps Engineer,"AWS,Docker,Kubernetes,CI/CD,Terraform,GCP",11,Natashaberg,Johnson-Wilson,131000
1114,Kent Turner,Backend Engineer,"Python,Java,C++,SQL,API Design,Microservices,Azure",5,Roberttown,Rodriguez-Clark,168000
1115,John Nelson,Frontend Engineer,"JavaScript,React,TypeScript,HTML/CSS,Redux,Redis,GraphQL",4,Gregoryville,Nguyen-Herrera,187000
1116,Ian Evans,Backend Engineer,"Python,Java,C++,SQL,API Design,Microservices,GraphQL",5,North Christopherbury,"Gates, Joseph and Ward",116000
1117,Jerry Watts,Backend Engineer,"Python,Java,C++,SQL,API Design,Microservices,NoSQL,Azure,Git",12,East Kimberly,Ortiz LLC,204000
1118,Kathleen Campbell,Backend Engineer,"Python,Java,C++,SQL,API Design,Microservices,Redis,PostgreSQL,Kafka",5,Lake Jerry,Lang PLC,146000
1119,Jessica Evans,Product Manager,"Product Strategy,Agile,Scrum,Market Research,PostgreSQL,Azure",13,Kaitlynberg,"Fernandez, Meyer and Watkins",197000
1120,Don Wilson,DevOps Engineer,"AWS,Docker,Kubernetes,CI/CD,Terraform,REST",14,Jaredchester,Parker Group,102000
1121,Steven Crawford,Product Manager,"Product Strategy,Agile,Scrum,Market Research,NoSQL,PostgreSQL",1,Littlebury,Davis Inc,82000
1122,Maria Brooks,Full-Stack Engineer,"JavaScript,Python,React,Django,Node.js,Git,Kafka",2,Jamesville,Weaver-Bender,115000
1123,Charles Mclaughlin,Full-Stack Engineer,"JavaScript,Python,React,Django,Node.js,Redis,NoSQL,GCP",3,New Jennifer,Campbell Group,207000
1124,Jessica Griffin,Frontend Engineer,"JavaScript,React,TypeScript,HTML/CSS,Redux,Redis,Azure",3,Garrettland,Miller-Monroe,153000
1125,Michelle Barr,Backend Engineer,"Python,Java,C++,SQL,API Design,Microservices,Azure",6,Lesliebury,"Hunter, Bryan and Schmidt",190000
1126,Teresa Estrada,Backend Engineer,"Python,Java,C++,SQL,API Design,Microservices,PostgreSQL,NoSQL",1,Port Erica,Adams-Wells,152000
1127,Mike Blanchard,Full-Stack Engineer,"JavaScript,Python,React,Django,Node.js,Kafka,Azure,GCP",12,Hayesmouth,"Salazar, Jackson and Griffin",120000
1128,Edward Carter,Full-Stack Engineer,"JavaScript,Python,React,Django,Node.js,Jenkins,GCP",9,Bakershire,Brown LLC,220000
1129,Paul Moreno,Backend Engineer,"Python,Java,C++,SQL,API Design,Microservices,Jenkins,Redis",1,North Cassandraberg,Moran and Sons,107000
1130,Erin Thomas,Product Manager,"Product Strategy,Agile,Scrum,Market Research,Kafka,PostgreSQL",8,Lake Victoriamouth,Rosales Group,161000
1131,Christopher Pierce,Product Manager,"Product Strategy,Agile,Scrum,Market Research,Kafka",6,Lake Mariaberg,Cabrera Group,97000
1132,Jennifer Martin,UX Designer,"Figma,User Research,Prototyping,UI/UX,Jenkins",4,East Kelseyville,"George, Moran and Cline",177000
1133,Sharon Daniels,QA Engineer,"Testing,Automation,Selenium,JIRA,PostgreSQL",7,East Michaeltown,Long PLC,181000
1134,Christina Young,Frontend Engineer,"JavaScript,React,TypeScript,HTML/CSS,Redux,GCP,Redis,NoSQL",6,Floresbury,Mills Ltd,109000
1135,Amy Miller MD,Data Scientist,"Python,Machine Learning,Statistics,Pandas,Redis",2,North Denisefurt,Cooper Group,111000
1136,Thomas Fox,Frontend Engineer,"JavaScript,React,TypeScript,HTML/CSS,Redux,Git,Azure",10,Williamschester,"Johnston, Moreno and Gonzales",157000
1137,Connor Andrews,Backend Engineer,"Python,Java,C++,SQL,API Design,Microservices,Kafka,Azure",7,Bobbychester,"Wilson, Cameron and King",155000
1138,Roy Davis,Product Manager,"Product Strategy,Agile,Scrum,Market Research,Jenkins,PostgreSQL,Kafka",1,West Tamaramouth,Gray-Adams,220000
1139,Jessica Miller,Data Engineer,"Python,SQL,Spark,ETL,Data Pipelines,REST,PostgreSQL",13,Lake Heatherhaven,Johnson Inc,99000
1140,Mathew Booker,DevOps Engineer,"AWS,Docker,Kubernetes,CI/CD,Terraform,REST,GCP",11,Timothyberg,Gibson PLC,216000
1141,Sarah Gray,Backend Engineer,"Python,Java,C++,SQL,API Design,Microservices,GraphQL,PostgreSQL",11,Brittanyberg,Frost and Sons,90000
1142,Randall Cain,Frontend Engineer,"JavaScript,React,TypeScript,HTML/CSS,Redux,Azure,GraphQL,GCP",8,East Randymouth,"Moore, Rivera and Jones",113000
1143,Perry Kemp,QA Engineer,"Testing,Automation,Selenium,JIRA,GraphQL,Jenkins",14,South Mary,"Nelson, Silva and Smith",155000
1144,Rachel Sims,UX Designer,"Figma,User Research,Prototyping,UI/UX,Jenkins",2,Port Jeffreyside,Vaughn-Lyons,84000
1145,Angela Miranda,Frontend Engineer,"JavaScript,React,TypeScript,HTML/CSS,Redux,REST,Kafka,GraphQL",8,Richardhaven,Walker-Webb,178000
1146,David Arnold,Data Engineer,"Python,SQL,Spark,ETL,Data Pipelines,NoSQL,Redis",7,North Michelle,Garcia LLC,197000
1147,Tanya Gibson,Full-Stack Engineer,"JavaScript,Python,React,Django,Node.js,Azure,NoSQL",3,South Shannon,Rivera Inc,166000
1148,Timothy Padilla,Backend Engineer,"Python,Java,C++,SQL,API Design,Microservices,PostgreSQL,GraphQL,Git",12,Pennychester,Romero LLC,90000
1149,Mrs. Stacy Ortiz,Full-Stack Engineer,"JavaScript,Python,React,Django,Node.js,NoSQL,Redis",12,Davisburgh,Romero Ltd,214000
1150,Daniel Simmons,Frontend Engineer,"JavaScript,React,TypeScript,HTML/CSS,Redux,Redis",5,Ruthborough,Adams and Sons,101000
1151,Vanessa Campbell,Data Scientist,"Python,Machine Learning,Statistics,Pandas,Jenkins,Redis",3,Port Charles,"Saunders, Jarvis and Sanders",160000
1152,Hannah Erickson,Frontend Engineer,"JavaScript,React,TypeScript,HTML/CSS,Redux,NoSQL,Azure",2,North Jasonhaven,Taylor LLC,117000
1153,Molly Larson,Full-Stack Engineer,"JavaScript,Python,React,Django,Node.js,REST",1,West Willie,"Black, Rosario and Haynes",171000
1154,Kimberly Kemp,Frontend Engineer,"JavaScript,React,TypeScript,HTML/CSS,Redux,PostgreSQL,Azure",7,East Brett,Green-Ross,144000
1155,Regina Ross,QA Engineer,"Testing,Automation,Selenium,JIRA,NoSQL,Redis",2,Gibsonmouth,Smith-Robertson,153000
1156,Marcus Stewart,Product Manager,"Product Strategy,Agile,Scrum,Market Research,NoSQL",15,North Gregory,"Dawson, Castro and Johnson",198000
1157,Judy Lopez,Frontend Engineer,"JavaScript,React,TypeScript,HTML/CSS,Redux,Kafka,Redis,Git",14,Marisachester,"Miller, Riley and Cruz",218000
1158,Emily Hill,Backend Engineer,"Python,Java,C++,SQL,API Design,Microservices,GCP,PostgreSQL",8,North Andreamouth,Williams PLC,212000
1159,Richard Shields,DevOps Engineer,"AWS,Docker,Kubernetes,CI/CD,Terraform,Kafka",11,Faulknerton,Mcintyre Inc,194000
1160,Caleb Smith,Backend Engineer,"Python,Java,C++,SQL,API Design,Microservices,NoSQL,Git",8,Mikaylaberg,Daniel Ltd,158000
1161,Derek Cantrell,Full-Stack Engineer,"JavaScript,Python,React,Django,Node.js,Kafka,REST",4,Aliciaview,"Snyder, Sims and Howard",167000
1162,Hannah Miller,Backend Engineer,"Python,Java,C++,SQL,API Design,Microservices,GraphQL",14,Mullenmouth,"Martinez, James and Campos",173000
1163,Charles Hinton,DevOps Engineer,"AWS,Docker,Kubernetes,CI/CD,Terraform,REST,PostgreSQL",1,Port Chad,Barber LLC,111000
1164,Donald Sherman,Frontend Engineer,"JavaScript,React,TypeScript,HTML/CSS,Redux,GraphQL",1,Lake Amandafort,Harmon-Austin,197000
1165,Krista Reyes DDS,DevOps Engineer,"AWS,Docker,Kubernetes,CI/CD,Terraform,Redis,PostgreSQL",6,East Michael,Taylor PLC,91000
1166,Oscar Blake,Product Manager,"Product Strategy,Agile,Scrum,Market Research,Redis,GraphQL,Jenkins",2,North Sarah,Scott-Smith,149000
1167,Matthew Palmer,Frontend Engineer,"JavaScript,React,TypeScript,HTML/CSS,Redux,Redis,GraphQL,Jenkins",15,Sarahberg,Shah-Washington,101000
1168,Patricia Robinson,Data Scientist,"Python,Machine Learning,Statistics,Pandas,REST",9,Lake Markmouth,Vazquez-Chavez,102000
1169,Christine Oneill,Frontend Engineer,"JavaScript,React,TypeScript,HTML/CSS,Redux,Jenkins",9,Jenniferville,White-Daniels,167000
1170,Sabrina Guerra,Full-Stack Engineer,"JavaScript,Python,React,Django,Node.js,Jenkins,PostgreSQL,Git",2,Christianberg,Taylor LLC,214000
1171,Elizabeth Bauer,DevOps Engineer,"AWS,Docker,Kubernetes,CI/CD,Terraform,PostgreSQL,NoSQL,GraphQL",10,North Bethland,Gibson-Perez,203000
1172,Marvin Cummings,Data Scientist,"Python,Machine Learning,Statistics,Pandas,Git",5,Myersstad,Johnson-Garrett,176000
1173,Benjamin Foster,Backend Engineer,"Python,Java,C++,SQL,API Design,Microservices,Azure,Kafka",8,Weaverbury,Bates Group,162000
1174,Pamela Salazar,Full-Stack Engineer,"JavaScript,Python,React,Django,Node.js,Git,PostgreSQL",13,Port Travis,"Sims, Cook and Crawford",183000
1175,Brian Spence,Backend Engineer,"Python,Java,C++,SQL,API Design,Microservices,Git",5,Jonathanshire,"Waters, Marshall and Benton",199000
1176,Justin Rodriguez,UX Designer,"Figma,User Research,Prototyping,UI/UX,Azure,Git,PostgreSQL",1,Jennifermouth,Smith-Wallace,107000
1177,Raymond Miller,Full-Stack Engineer,"JavaScript,Python,React,Django,Node.js,Git",3,New Leslie,Harvey-Trevino,151000
1178,James Mendoza,Full-Stack Engineer,"JavaScript,Python,React,Django,Node.js,PostgreSQL,REST,Redis",10,South Evanville,"Robinson, Romero and Wilkins",159000
1179,Jeremiah Lawrence,Backend Engineer,"Python,Java,C++,SQL,API Design,Microservices,Redis,Git",11,Brandonchester,"Williams, Sanchez and Hill",184000
1180,Shane Hudson,UX Designer,"Figma,User Research,Prototyping,UI/UX,Kafka,Jenkins,GraphQL",8,East Matthewchester,Maynard-Austin,135000
1181,Bethany Ponce,Data Engineer,"Python,SQL,Spark,ETL,Data Pipelines,Jenkins,Kafka",8,Lisaville,"Perry, Mills and Rivas",204000
1182,Lauren Wilcox,Full-Stack Engineer,"JavaScript,Python,React,Django,Node.js,Azure",12,North Carlaview,Vargas and Sons,160000
1183,Craig Holland,Full-Stack Engineer,"JavaScript,Python,React,Django,Node.js,Redis,GCP,NoSQL",7,North Stevetown,Lucas Inc,157000
1184,Shelly Hawkins,UX Designer,"Figma,User Research,Prototyping,UI/UX,GraphQL,Jenkins,Git",5,North Mikeland,"Lloyd, Schmitt and Banks",218000
1185,Joshua Gray,UX Designer,"Figma,User Research,Prototyping,UI/UX,PostgreSQL",7,Traceyberg,"Simon, Lowe and Mcdonald",158000
1186,Amy Williams,Full-Stack Engineer,"JavaScript,Python,React,Django,Node.js,Azure,GCP,NoSQL",9,Gravesmouth,Thomas-Alexander,178000
1187,Jeremy Riddle MD,Frontend Engineer,"JavaScript,React,TypeScript,HTML/CSS,Redux,PostgreSQL,Azure,Git",10,Nicolemouth,Hamilton Ltd,132000
1188,Jacob Gutierrez,QA Engineer,"Testing,Automation,Selenium,JIRA,Azure,Jenkins",7,Lake Nicoleland,Mahoney PLC,95000
1189,Cody Nelson,Product Manager,"Product Strategy,Agile,Scrum,Market Research,NoSQL",6,New Donaldton,Phillips-Flores,142000
1190,Dale Holmes,Backend Engineer,"Python,Java,C++,SQL,API Design,Microservices,NoSQL,Redis",12,East Jared,Jackson-Tyler,151000
1191,Jose Thomas,Product Manager,"Product Strategy,Agile,Scrum,Market Research,Git",12,Lake Robert,"Wagner, Mueller and Hernandez",139000
1192,Melissa Stevenson,UX Designer,"Figma,User Research,Prototyping,UI/UX,PostgreSQL,GraphQL,Azure",5,North Ryan,Price-Webb,192000
1193,Drew Orr,Backend Engineer,"Python,Java,C++,SQL,API Design,Microservices,NoSQL,Git",8,West Mindymouth,Davis LLC,84000
1194,Mike Pittman,Data Scientist,"Python,Machine Learning,Statistics,Pandas,GraphQL,Kafka,Git",6,West Davidfort,Rogers-Lawson,131000
1195,Jennifer Clark,Frontend Engineer,"JavaScript,React,TypeScript,HTML/CSS,Redux,PostgreSQL,Azure,Git",3,Port Cynthiachester,"Dodson, Potter and Wilson",218000
1196,Kevin Walton,DevOps Engineer,"AWS,Docker,Kubernetes,CI/CD,Terraform,GraphQL,GCP",15,Lucaschester,Lee Ltd,106000
1197,Jasmine Johnson PhD,Frontend Engineer,"JavaScript,React,TypeScript,HTML/CSS,Redux,Jenkins,REST",12,Scottville,Robinson-Moore,113000
1198,Anthony Jones,DevOps Engineer,"AWS,Docker,Kubernetes,CI/CD,Terraform,Git",8,North Heidi,Sandoval PLC,148000
1199,Luke Watson,Product Manager,"Product Strategy,Agile,Scrum,Market Research,Git,Jenkins",6,Cruzport,Evans-Duffy,122000
1200,Michelle Myers,Full-Stack Engineer,"JavaScript,Python,React,Django,Node.js,Redis,Azure,Jenkins",1,Allentown,Woods PLC,134000
1201,John Castro,Backend Engineer,"Python,Java,C++,SQL,API Design,Microservices,NoSQL",11,Johnborough,"Montgomery, Ellis and Robbins",167000
1202,Edward Potts,Backend Engineer,"Python,Java,C++,SQL,API Design,Microservices,REST,Kafka,GCP",4,Mariafurt,Wilson-Cooper,99000
1203,Becky Murphy,Full-Stack Engineer,"JavaScript,Python,React,Django,Node.js,REST,GCP,Kafka",14,Lake Gregorymouth,Brooks-Lopez,152000
1204,Rodney Clements,Backend Engineer,"Python,Java,C++,SQL,API Design,Microservices,GCP",5,South Christopher,Davis-Leach,216000
1205,Stacey Oneill,Frontend Engineer,"JavaScript,React,TypeScript,HTML/CSS,Redux,REST",13,Jenniferland,"Roberts, Daniels and Santana",108000
1206,Mitchell Lucas,UX Designer,"Figma,User Research,Prototyping,UI/UX,Azure,GraphQL",7,West Stephenland,"Wells, Hinton and Mitchell",133000
1207,Erin Griffin,Backend Engineer,"Python,Java,C++,SQL,API Design,Microservices,Jenkins,Redis,Kafka",13,Valeriemouth,Hahn and Sons,117000
1208,George Patrick,Full-Stack Engineer,"JavaScript,Python,React,Django,Node.js,GCP",9,Port Cynthia,Richardson Ltd,141000
1209,Jose Herrera,Full-Stack Engineer,"JavaScript,Python,React,Django,Node.js,Redis,REST",11,Matthewstown,"Flores, Davis and Woods",204000
1210,Steven Reed,Frontend Engineer,"JavaScript,React,TypeScript,HTML/CSS,Redux,PostgreSQL",5,South Reginahaven,Short-King,214000
1211,Brianna Farmer,Product Manager,"Product Strategy,Agile,Scrum,Market Research,GCP,PostgreSQL,Kafka",14,Lake Kayla,"Kennedy, Torres and Nelson",109000
1212,Benjamin Cervantes,DevOps Engineer,"AWS,Docker,Kubernetes,CI/CD,Terraform,Redis,PostgreSQL",12,East Samanthabury,Kennedy-Snyder,129000
1213,Sarah Holder,Full-Stack Engineer,"JavaScript,Python,React,Django,Node.js,Azure,PostgreSQL,REST",6,Jamesview,Flowers Group,117000
1214,Matthew Monroe,Frontend Engineer,"JavaScript,React,TypeScript,HTML/CSS,Redux,Jenkins,GraphQL,REST",5,East Christine,"Riley, Rogers and Flores",170000
1215,Jasmine Dickson,UX Designer,"Figma,User Research,Prototyping,UI/UX,GCP,GraphQL,Redis",8,Codyborough,"Watson, Simpson and Hogan",132000
1216,Cynthia Edwards,Frontend Engineer,"JavaScript,React,TypeScript,HTML/CSS,Redux,Git",11,West Madisonmouth,"Cervantes, Bowen and Carpenter",187000
1217,Ryan Levy,Backend Engineer,"Python,Java,C++,SQL,API Design,Microservices,Azure",5,West Brian,"Goodman, Sutton and Stephens",112000
1218,Jennifer Wilson,Full-Stack Engineer,"JavaScript,Python,React,Django,Node.js,REST,GCP",4,Selenaland,Hill Inc,146000
1219,Gabriel Lewis,Data Engineer,"Python,SQL,Spark,ETL,Data Pipelines,Jenkins,Kafka,Git",4,Port Joshua,Buck Ltd,113000
1220,George Buckley,UX Designer,"Figma,User Research,Prototyping,UI/UX,Redis,REST",7,Kellyview,Rogers-Baker,97000
1221,Daniel Schmidt,DevOps Engineer,"AWS,Docker,Kubernetes,CI/CD,Terraform,PostgreSQL",12,Sabrinaville,Allen-Stout,215000
1222,Derek Miller,DevOps Engineer,"AWS,Docker,Kubernetes,CI/CD,Terraform,NoSQL,Jenkins",3,New Joseph,Myers-Hansen,127000
1223,Ryan Heath,Backend Engineer,"Python,Java,C++,SQL,API Design,Microservices,REST",15,Stevenfurt,Cherry-Spence,149000
1224,Valerie Young,Product Manager,"Product Strategy,Agile,Scrum,Market Research,GraphQL,Azure",10,Lake Christopher,"Rios, Murphy and Walter",166000
1225,Dennis Olson,Backend Engineer,"Python,Java,C++,SQL,API Design,Microservices,REST,PostgreSQL,GCP",4,Jackmouth,Pennington-Gonzalez,151000
1226,Stacey Nolan,QA Engineer,"Testing,Automation,Selenium,JIRA,GCP",7,Nancystad,"Porter, Morgan and Jones",134000
1227,Christopher Phillips,Full-Stack Engineer,"JavaScript,Python,React,Django,Node.js,Azure",6,Wrightfurt,"Brooks, Robinson and Wright",129000
1228,Timothy Murray,Backend Engineer,"Python,Java,C++,SQL,API Design,Microservices,Git",14,Blakeborough,Sexton LLC,110000
1229,Jeremy Oconnor,Full-Stack Engineer,"JavaScript,Python,React,Django,Node.js,Redis",4,Thomasmouth,"Beasley, Thomas and Mccarthy",193000
1230,Diana Jones,Frontend Engineer,"JavaScript,React,TypeScript,HTML/CSS,Redux,GraphQL,Redis",13,Thompsonside,"Stanley, Rogers and Baker",179000
1231,Adam Taylor,Full-Stack Engineer,"JavaScript,Python,React,Django,Node.js,NoSQL,GraphQL,Azure",2,Lawrenceton,Murray-Hernandez,87000
1232,David Romero,Backend Engineer,"Python,Java,C++,SQL,API Design,Microservices,Git",3,Lake Jason,Kelly-Sparks,169000
1233,Jason Kelly,QA Engineer,"Testing,Automation,Selenium,JIRA,NoSQL,Git",11,East Jennifer,Perry and Sons,90000
1234,Jeanne Hess,DevOps Engineer,"AWS,Docker,Kubernetes,CI/CD,Terraform,Git,Jenkins,Azure",1,Carmenstad,Jones Ltd,105000
1235,Melissa Knapp,Backend Engineer,"Python,Java,C++,SQL,API Design,Microservices,Kafka",15,Scottberg,"Friedman, Richardson and Clark",183000
1236,Linda Jimenez,Backend Engineer,"Python,Java,C++,SQL,API Design,Microservices,REST,NoSQL",5,Christopherborough,Ray-Nguyen,140000
1237,James Willis,Backend Engineer,"Python,Java,C++,SQL,API Design,Microservices,Azure",11,Port Brentstad,Quinn-Brady,113000
1238,Hector Patel,Product Manager,"Product Strategy,Agile,Scrum,Market Research,GraphQL,Kafka,Jenkins",7,Richardbury,Edwards-Howard,88000
1239,Lynn Gutierrez,Backend Engineer,"Python,Java,C++,SQL,API Design,Microservices,REST",4,Richardshire,Lewis Ltd,151000
1240,Christine Jones,Frontend Engineer,"JavaScript,React,TypeScript,HTML/CSS,Redux,Jenkins,Git",15,Rollinsberg,"Mercer, Brown and Hess",159000
1241,Alejandro Hernandez,UX Designer,"Figma,User Research,Prototyping,UI/UX,Git,Kafka,GCP",2,Aguirremouth,Johnson-Young,124000
1242,Sydney Ward,Backend Engineer,"Python,Java,C++,SQL,API Design,Microservices,Redis,GraphQL",7,North Michelle,Proctor-Valenzuela,173000
1243,Brittney Harding,Backend Engineer,"Python,Java,C++,SQL,API Design,Microservices,Redis",14,Tinafurt,Griffith PLC,110000
1244,Janet Ford MD,DevOps Engineer,"AWS,Docker,Kubernetes,CI/CD,Terraform,NoSQL",3,South Veronica,Wood LLC,132000
1245,Scott Kent,Backend Engineer,"Python,Java,C++,SQL,API Design,Microservices,Redis",3,East Brian,"Cox, Adams and Harrell",97000
1246,Pamela Howard,Full-Stack Engineer,"JavaScript,Python,React,Django,Node.js,Git",13,New Nicole,Oconnor-Lewis,209000
1247,Jason Wilson,Backend Engineer,"Python,Java,C++,SQL,API Design,Microservices,Kafka,Jenkins,GCP",8,Lawrenceshire,"Mckee, Guerra and Barnes",143000
1248,Christopher Griffith,DevOps Engineer,"AWS,Docker,Kubernetes,CI/CD,Terraform,Jenkins,Kafka",13,Stevenschester,"Williams, Fox and Flowers",107000
1249,Brittany Kline,Full-Stack Engineer,"JavaScript,Python,React,Django,Node.js,Git,NoSQL",8,North Williammouth,Garcia-Hodges,207000
1250,Paul Buckley,Data Engineer,"Python,SQL,Spark,ETL,Data Pipelines,PostgreSQL,NoSQL",13,West Ashley,Waters-Woods,90000
1251,Sharon Sullivan,Backend Engineer,"Python,Java,C++,SQL,API Design,Microservices,NoSQL,Jenkins",13,Jamesmouth,James-Payne,127000
1252,Daniel Navarro,Frontend Engineer,"JavaScript,React,TypeScript,HTML/CSS,Redux,NoSQL,Kafka",12,West Edward,"Howell, Hutchinson and Clark",137000
1253,John Phillips,Frontend Engineer,"JavaScript,React,TypeScript,HTML/CSS,Redux,Redis,PostgreSQL,GraphQL",9,Cynthialand,Gilmore-Warren,168000
1254,Jennifer Mueller,Data Engineer,"Python,SQL,Spark,ETL,Data Pipelines,Azure",9,East Vanessa,"Randall, Wright and Hahn",111000
1255,Jenna Chandler,Backend Engineer,"Python,Java,C++,SQL,API Design,Microservices,Kafka",6,Maciasside,Martin-Meyer,148000
1256,Christopher Krueger,Full-Stack Engineer,"JavaScript,Python,React,Django,Node.js,GCP,REST",2,Huntfort,"Foster, Hendrix and Marsh",123000
1257,Ellen Blake,Frontend Engineer,"JavaScript,React,TypeScript,HTML/CSS,Redux,Redis,Azure,PostgreSQL",1,Port Justinbury,"Miller, Wong and Levy",109000
1258,Eric Patrick,Product Manager,"Product Strategy,Agile,Scrum,Market Research,Kafka,GraphQL,Git",2,Joannafort,"Lara, Smith and Pena",155000
1259,Colleen Summers,Backend Engineer,"Python,Java,C++,SQL,API Design,Microservices,REST",15,North Edwinmouth,Hughes LLC,131000
1260,Marcus Davenport,QA Engineer,"Testing,Automation,Selenium,JIRA,NoSQL,PostgreSQL,Git",12,Cunninghamview,"Hale, Francis and Harris",100000
1261,Laura Henson,Product Manager,"Product Strategy,Agile,Scrum,Market Research,Kafka",15,North Timothy,Todd-Palmer,95000
1262,Peter Adams,Frontend Engineer,"JavaScript,React,TypeScript,HTML/CSS,Redux,Jenkins",15,Ronaldfort,"Bailey, Kemp and Wheeler",84000
1263,Jessica Taylor,Product Manager,"Product Strategy,Agile,Scrum,Market Research,PostgreSQL,GCP",14,New Michelle,Park-Wallace,217000
1264,David Johnson,Backend Engineer,"Python,Java,C++,SQL,API Design,Microservices,Git,REST",6,West Ambermouth,Evans LLC,220000
1265,Lisa Manning,Data Engineer,"Python,SQL,Spark,ETL,Data Pipelines,Jenkins",1,North Elizabethview,Gonzalez PLC,172000
1266,Heather Bradley,UX Designer,"Figma,User Research,Prototyping,UI/UX,REST",12,South Sarahshire,Gutierrez PLC,110000
1267,Steven Stewart,Frontend Engineer,"JavaScript,React,TypeScript,HTML/CSS,Redux,GraphQL",11,South Michael,Banks-Yates,106000
1268,Edward Mayer,Backend Engineer,"Python,Java,C++,SQL,API Design,Microservices,Redis,PostgreSQL,Azure",13,Port Tonya,"Santiago, Rose and Holmes",199000
1269,Gary Kelley,Frontend Engineer,"JavaScript,React,TypeScript,HTML/CSS,Redux,Kafka,Jenkins,GraphQL",8,Lake Michaelmouth,White Group,181000
1270,April Harris,Backend Engineer,"Python,Java,C++,SQL,API Design,Microservices,Azure,Jenkins",12,Bartlettbury,"Perry, Barnett and Martin",101000
1271,Kevin Frost,Frontend Engineer,"JavaScript,React,TypeScript,HTML/CSS,Redux,NoSQL,Azure",9,Lake Tyler,Gross LLC,166000
1272,Lisa Jimenez,DevOps Engineer,"AWS,Docker,Kubernetes,CI/CD,Terraform,Kafka,Redis,GCP",14,New William,Lopez LLC,151000
1273,Brett Mcbride,Backend Engineer,"Python,Java,C++,SQL,API Design,Microservices,Redis,NoSQL,GCP",11,New Virginia,"Miller, Jennings and Gray",144000
1274,Erika Smith,Backend Engineer,"Python,Java,C++,SQL,API Design,Microservices,NoSQL,GCP",4,Lake Kimtown,"Dougherty, Pearson and Foster",101000
1275,Sierra Warner,Backend Engineer,"Python,Java,C++,SQL,API Design,Microservices,REST,Azure,Git",5,Port Michael,"Snyder, Walker and Cabrera",198000
1276,Mark Austin,Full-Stack Engineer,"JavaScript,Python,React,Django,Node.js,PostgreSQL,Git",5,Karatown,Clayton Inc,164000
1277,Patricia Kline,Frontend Engineer,"JavaScript,React,TypeScript,HTML/CSS,Redux,Jenkins,NoSQL",11,Brittanyhaven,Martinez-Johnson,173000
1278,Dr. Alicia Smith MD,Product Manager,"Product Strategy,Agile,Scrum,Market Research,NoSQL,Azure,PostgreSQL",8,Pooleborough,"Johnson, Sullivan and Stewart",106000
1279,Sydney Flores,Full-Stack Engineer,"JavaScript,Python,React,Django,Node.js,GraphQL,Redis",15,North Aaron,"Holmes, Nolan and Wright",197000
1280,Kimberly Jones,Data Scientist,"Python,Machine Learning,Statistics,Pandas,Azure,GCP,Kafka",10,Port Lori,Mason-Mcintosh,110000
1281,Diana Duncan,DevOps Engineer,"AWS,Docker,Kubernetes,CI/CD,Terraform,Azure,Redis",15,West Maria,"White, Barnett and Mcgee",81000
1282,Breanna Walton,Backend Engineer,"Python,Java,C++,SQL,API Design,Microservices,Jenkins,Redis,NoSQL",4,North Linda,Johnson-Morgan,184000
1283,Miguel Hernandez,Data Engineer,"Python,SQL,Spark,ETL,Data Pipelines,REST,Kafka",15,Port Breannamouth,"Ward, Meyers and Spencer",168000
1284,John Brown,Backend Engineer,"Python,Java,C++,SQL,API Design,Microservices,Kafka,PostgreSQL,NoSQL",1,South Joel,Lee Inc,178000
1285,Teresa Bowman,Product Manager,"Product Strategy,Agile,Scrum,Market Research,Azure,REST,GraphQL",11,Phamchester,"Hernandez, Paul and Black",132000
1286,Sarah Morris,Full-Stack Engineer,"JavaScript,Python,React,Django,Node.js,GraphQL,Redis,Jenkins",7,Paulmouth,Lee-Shelton,110000
1287,Gregory Galloway,Data Engineer,"Python,SQL,Spark,ETL,Data Pipelines,REST",11,East Elizabethhaven,Wilson-Evans,158000
1288,Brian Bowers,DevOps Engineer,"AWS,Docker,Kubernetes,CI/CD,Terraform,Redis,Kafka,GraphQL",2,Burtonside,Glover LLC,174000
1289,Jaime Henson,Backend Engineer,"Python,Java,C++,SQL,API Design,Microservices,GCP,Kafka",13,Davidfurt,"Williams, Graves and Lucas",211000
1290,Mr. James Ball MD,Data Engineer,"Python,SQL,Spark,ETL,Data Pipelines,Azure,Git,GraphQL",13,Lawrencetown,Garcia-Brown,198000
1291,Casey Smith,Product Manager,"Product Strategy,Agile,Scrum,Market Research,Redis,Azure,GraphQL",11,New Stephen,"Mccormick, Tran and Brooks",191000
1292,Christine Lewis,Frontend Engineer,"JavaScript,React,TypeScript,HTML/CSS,Redux,GraphQL",6,Jenniferport,Jones PLC,135000
1293,Lisa Williamson,Product Manager,"Product Strategy,Agile,Scrum,Market Research,Kafka,GCP,REST",1,South Anthony,Garcia and Sons,116000
1294,Donna Snyder,Full-Stack Engineer,"JavaScript,Python,React,Django,Node.js,GraphQL,REST",4,Kellyburgh,Byrd-Lawrence,87000
1295,Jaime Perry,Full-Stack Engineer,"JavaScript,Python,React,Django,Node.js,GraphQL",9,South Danielmouth,"Carpenter, Martin and Wheeler",128000
1296,Joseph Miller,Frontend Engineer,"JavaScript,React,TypeScript,HTML/CSS,Redux,Redis,GraphQL",9,North Rachel,Solis-Rivera,154000
1297,Chad Wade,DevOps Engineer,"AWS,Docker,Kubernetes,CI/CD,Terraform,Kafka,Redis",14,Jonesborough,Contreras-Roman,216000
1298,Daniel Cruz,Backend Engineer,"Python,Java,C++,SQL,API Design,Microservices,GCP,PostgreSQL",8,Latoyamouth,"Torres, Reed and Pierce",113000
1299,Aimee Turner,Frontend Engineer,"JavaScript,React,TypeScript,HTML/CSS,Redux,Redis,Jenkins,GraphQL",8,North Debbie,Duncan-Smith,132000
1300,Christopher Ingram,UX Designer,"Figma,User Research,Prototyping,UI/UX,Kafka,Redis,PostgreSQL",14,West Alfred,Stone Group,195000
1301,Michelle Melton,UX Designer,"Figma,User Research,Prototyping,UI/UX,REST,NoSQL",15,Smithchester,Paul Inc,126000
1302,Paul White,Data Scientist,"Python,Machine Learning,Statistics,Pandas,Jenkins,NoSQL,Git",7,North Suzannetown,"Simon, Mann and Patton",105000
1303,Dawn Ritter,Data Scientist,"Python,Machine Learning,Statistics,Pandas,Redis,Jenkins,Kafka",15,Matthewview,Richardson Ltd,212000
1304,Joshua Harmon,Frontend Engineer,"JavaScript,React,TypeScript,HTML/CSS,Redux,Redis,NoSQL,Kafka",13,Port Stephaniefort,Wheeler-May,208000
1305,Jonathan Long,Full-Stack Engineer,"JavaScript,Python,React,Django,Node.js,Jenkins,Kafka,Azure",3,South Karen,"Duran, Barnes and Thornton",121000
1306,Daniel Murphy,Frontend Engineer,"JavaScript,React,TypeScript,HTML/CSS,Redux,REST,Azure",7,East Samanthaland,Hernandez-Moore,179000
1307,Nicholas Cooper,Data Scientist,"Python,Machine Learning,Statistics,Pandas,GraphQL,Jenkins",6,Hernandezbury,Little and Sons,144000
1308,Kelsey Bryan,Product Manager,"Product Strategy,Agile,Scrum,Market Research,Git",13,New Gregoryville,Flores-Martinez,122000
1309,James Jones,DevOps Engineer,"AWS,Docker,Kubernetes,CI/CD,Terraform,Azure",9,Noahhaven,Foster-Hamilton,135000
1310,Mr. Robert Williams,Frontend Engineer,"JavaScript,React,TypeScript,HTML/CSS,Redux,Azure",3,New Steven,James-Coleman,84000
1311,Miss Meagan Koch MD,Backend Engineer,"Python,Java,C++,SQL,API Design,Microservices,GCP,REST",7,Clementsburgh,Dawson-Watkins,87000
1312,Sherry Roberts,QA Engineer,"Testing,Automation,Selenium,JIRA,PostgreSQL,Git",6,South Peter,"Fernandez, Hamilton and Robbins",176000
1313,Bonnie Brennan,Backend Engineer,"Python,Java,C++,SQL,API Design,Microservices,Git,GCP",3,Santiagostad,"Morales, Werner and Lewis",142000
1314,Courtney Williams,Data Engineer,"Python,SQL,Spark,ETL,Data Pipelines,Redis,GraphQL",11,Powellville,Patel Ltd,179000
1315,Carlos Baker,Full-Stack Engineer,"JavaScript,Python,React,Django,Node.js,Redis",13,Buchananside,Zamora-Duran,91000
1316,Elizabeth Waters,Frontend Engineer,"JavaScript,React,TypeScript,HTML/CSS,Redux,GCP",13,New Katherineville,"Bright, Steele and Smith",86000
1317,Brittany Vaughan,Frontend Engineer,"JavaScript,React,TypeScript,HTML/CSS,Redux,REST",7,New Craig,"Miller, Jordan and Thomas",139000
1318,Christopher Castillo,UX Designer,"Figma,User Research,Prototyping,UI/UX,NoSQL,Jenkins,PostgreSQL",12,Willismouth,"Perry, Acevedo and Lopez",123000
1319,Brandy Hopkins,Backend Engineer,"Python,Java,C++,SQL,API Design,Microservices,Redis",12,Lake David,Bailey Inc,96000
1320,Diane Huerta,Frontend Engineer,"JavaScript,React,TypeScript,HTML/CSS,Redux,Jenkins",4,New Latoyamouth,"Ramos, Hanson and Drake",108000
1321,Chelsea Lewis,Product Manager,"Product Strategy,Agile,Scrum,Market Research,PostgreSQL,Git,Jenkins",4,North Johnnyberg,Oliver-Rhodes,210000
1322,Chad Mcfarland,Backend Engineer,"Python,Java,C++,SQL,API Design,Microservices,Kafka,GCP",14,Rhodeshaven,Watkins PLC,218000
1323,Kevin Wright PhD,Frontend Engineer,"JavaScript,React,TypeScript,HTML/CSS,Redux,Git,Azure,GCP",12,Steelemouth,Ortega LLC,145000
1324,Robert Green,Full-Stack Engineer,"JavaScript,Python,React,Django,Node.js,GCP,Azure",2,Maryton,Moore-Miller,204000
1325,Tammy Flynn,Frontend Engineer,"JavaScript,React,TypeScript,HTML/CSS,Redux,GCP,NoSQL",5,South Steven,"Dixon, Moss and Warner",113000
1326,Wayne Robinson,Full-Stack Engineer,"JavaScript,Python,React,Django,Node.js,GCP,NoSQL,GraphQL",6,New Nicole,"Jenkins, Park and Reeves",169000
1327,Laura Barry,Backend Engineer,"Python,Java,C++,SQL,API Design,Microservices,NoSQL,Redis,GraphQL",1,Sanchezton,Anderson-Hodges,106000
1328,James Lee,Backend Engineer,"Python,Java,C++,SQL,API Design,Microservices,Jenkins,Redis,NoSQL",12,South Debbie,Bartlett-Gonzalez,164000
1329,Amanda Nolan,Backend Engineer,"Python,Java,C++,SQL,API Design,Microservices,Kafka,GCP",12,Lindseyside,"Butler, White and Bradley",95000
1330,Mark Wise,Backend Engineer,"Python,Java,C++,SQL,API Design,Microservices,REST,GCP,Jenkins",4,East Raymondberg,Larson Group,209000
1331,Alejandra Williams,Full-Stack Engineer,"JavaScript,Python,React,Django,Node.js,PostgreSQL,Kafka,Jenkins",8,Barreramouth,Woodard-Duran,154000
1332,Michael Gomez,Frontend Engineer,"JavaScript,React,TypeScript,HTML/CSS,Redux,Azure,Redis,NoSQL",4,Port Davidland,Keller and Sons,169000
1333,Michael Bentley,Data Scientist,"Python,Machine Learning,Statistics,Pandas,REST,Azure",3,Charlesfort,Cruz PLC,83000
1334,Diana Martin,Data Engineer,"Python,SQL,Spark,ETL,Data Pipelines,Redis,GCP,Kafka",2,Christinaside,"Wilkins, Bowers and Pope",145000
1335,Emily Davis,UX Designer,"Figma,User Research,Prototyping,UI/UX,GraphQL,REST,Kafka",13,West Danamouth,Greer-Calhoun,206000
1336,Louis Russell,Full-Stack Engineer,"JavaScript,Python,React,Django,Node.js,PostgreSQL,Kafka",5,Brandonberg,Webb-Roberson,136000
1337,Geoffrey Casey,UX Designer,"Figma,User Research,Prototyping,UI/UX,REST",14,Lake Nathan,"Graves, Moreno and Mcbride",192000
1338,Alexis Hernandez,Frontend Engineer,"JavaScript,React,TypeScript,HTML/CSS,Redux,Jenkins",7,Lopezshire,Schneider LLC,90000
1339,Melissa Smith,Frontend Engineer,"JavaScript,React,TypeScript,HTML/CSS,Redux,GraphQL",12,South Gloriaville,Jenkins Group,208000
1340,Sharon James,Full-Stack Engineer,"JavaScript,Python,React,Django,Node.js,Jenkins,PostgreSQL",3,New Rosschester,Diaz-Cole,137000
1341,Brian West,Product Manager,"Product Strategy,Agile,Scrum,Market Research,NoSQL,Jenkins,GraphQL",2,New Kennethbury,"Stevens, Green and Young",150000
1342,Katherine Gibson,Full-Stack Engineer,"JavaScript,Python,React,Django,Node.js,NoSQL,PostgreSQL",1,West Brittany,"Johnson, Copeland and Campbell",113000
1343,Donna Barrett,UX Designer,"Figma,User Research,Prototyping,UI/UX,NoSQL,PostgreSQL",5,Cervanteston,"Scott, Pena and Ortega",181000
1344,David Swanson,Full-Stack Engineer,"JavaScript,Python,React,Django,Node.js,PostgreSQL,Git,GCP",14,North Kimberly,"Smith, Meadows and Salinas",106000
1345,Gregory Thompson,Backend Engineer,"Python,Java,C++,SQL,API Design,Microservices,GCP,Jenkins",9,East Erinmouth,Tyler-Mullen,150000
1346,Kim Sanchez,Backend Engineer,"Python,Java,C++,SQL,API Design,Microservices,GraphQL",13,Lake Loriside,"Henson, Morris and Peck",97000
1347,John Lopez,Backend Engineer,"Python,Java,C++,SQL,API Design,Microservices,NoSQL,Azure,REST",8,New Thomasmouth,Pope-Olson,200000
1348,Bob Campbell,Data Scientist,"Python,Machine Learning,Statistics,Pandas,Azure,NoSQL,Git",5,Sandyborough,"Burgess, Allen and Horton",213000
1349,Mark Marshall,Backend Engineer,"Python,Java,C++,SQL,API Design,Microservices,Git,GraphQL,GCP",2,East Carla,Berry and Sons,212000
1350,Jennifer Ward,Data Engineer,"Python,SQL,Spark,ETL,Data Pipelines,Redis",3,Lake Michellemouth,"Hubbard, Flores and Jones",161000
1351,Megan Larson,QA Engineer,"Testing,Automation,Selenium,JIRA,Git,REST,PostgreSQL",2,Rodneychester,"Martin, Hayes and Sawyer",123000
1352,Kayla Henderson,Full-Stack Engineer,"JavaScript,Python,React,Django,Node.js,Jenkins,NoSQL",15,West Markmouth,Summers-Fox,90000
1353,Lisa Williams,Frontend Engineer,"JavaScript,React,TypeScript,HTML/CSS,Redux,Git,Kafka",1,New Connor,Salinas-Williams,178000
1354,Kathy Tapia,DevOps Engineer,"AWS,Docker,Kubernetes,CI/CD,Terraform,Redis",10,New Lonnie,Smith-Ruiz,209000
1355,Pamela Johnson,Frontend Engineer,"JavaScript,React,TypeScript,HTML/CSS,Redux,Kafka,GraphQL",14,New Ashley,"Morris, Holt and Richardson",121000
1356,Laura Stephens,UX Designer,"Figma,User Research,Prototyping,UI/UX,GCP,Kafka",2,Lake Melaniehaven,Manning Ltd,116000
1357,Brandy Smith,Frontend Engineer,"JavaScript,React,TypeScript,HTML/CSS,Redux,Azure",8,Lake Davidton,"Davis, Brennan and Phelps",185000
1358,Lisa Jones MD,DevOps Engineer,"AWS,Docker,Kubernetes,CI/CD,Terraform,Jenkins,Redis,Azure",4,Lake Miranda,"Park, Williams and Malone",202000
1359,Christina Jenkins,DevOps Engineer,"AWS,Docker,Kubernetes,CI/CD,Terraform,NoSQL,Redis,Azure",2,Lake Ryan,"Young, Hill and Miles",152000
1360,Zachary Wong,Frontend Engineer,"JavaScript,React,TypeScript,HTML/CSS,Redux,Git,Kafka",6,West Jeremiahchester,"Robinson, Cruz and Scott",146000
1361,Heather Scott,Product Manager,"Product Strategy,Agile,Scrum,Market Research,NoSQL,Kafka",13,North Tammybury,Barker PLC,127000
1362,Jennifer Hudson,Frontend Engineer,"JavaScript,React,TypeScript,HTML/CSS,Redux,Kafka,PostgreSQL",12,West Nicole,Walker Inc,118000
1363,Duane Villa,Backend Engineer,"Python,Java,C++,SQL,API Design,Microservices,Git,Azure",10,Oliviaberg,Farley-Nelson,164000
1364,Angel Pitts,Frontend Engineer,"JavaScript,React,TypeScript,HTML/CSS,Redux,PostgreSQL,Git,GCP",10,New Antonio,"Sandoval, Obrien and James",93000
1365,Michael Bray,Full-Stack Engineer,"JavaScript,Python,React,Django,Node.js,REST,GraphQL,Kafka",14,Charlesview,Henry-Stewart,140000
1366,Beverly Powell,Data Engineer,"Python,SQL,Spark,ETL,Data Pipelines,Git",11,New Amyville,Saunders-Fields,218000
1367,Lisa Davis,Full-Stack Engineer,"JavaScript,Python,React,Django,Node.js,Kafka,REST,Redis",14,Mitchellhaven,Butler-Andrews,154000
1368,Anthony Taylor,Data Engineer,"Python,SQL,Spark,ETL,Data Pipelines,REST,Kafka",1,New Kennethmouth,Nelson-Cox,186000
1369,Kristen Harmon,Frontend Engineer,"JavaScript,React,TypeScript,HTML/CSS,Redux,Kafka",15,New Laura,"Joseph, Nixon and Hill",81000
1370,Devon Scott,Full-Stack Engineer,"JavaScript,Python,React,Django,Node.js,Jenkins,GraphQL,Kafka",6,Samanthaview,Martinez-King,104000
1371,Daniel Woodward,Backend Engineer,"Python,Java,C++,SQL,API Design,Microservices,NoSQL,Kafka,Redis",1,Port Renee,"Owens, Whitehead and Weaver",125000
1372,Jason Simpson,Backend Engineer,"Python,Java,C++,SQL,API Design,Microservices,GraphQL",1,Weberfurt,"Levine, Cole and Garcia",111000
1373,Robert Marshall,DevOps Engineer,"AWS,Docker,Kubernetes,CI/CD,Terraform,Azure",4,New Jeff,"Howell, Aguilar and Cochran",170000
1374,Holly Horn,Product Manager,"Product Strategy,Agile,Scrum,Market Research,NoSQL,Jenkins",12,Port Zachary,Phillips-Bender,158000
1375,Anthony Roman,Backend Engineer,"Python,Java,C++,SQL,API Design,Microservices,NoSQL,REST,Jenkins",9,Justintown,Vega Ltd,207000
1376,Joshua Briggs,Data Engineer,"Python,SQL,Spark,ETL,Data Pipelines,REST,Azure",1,Lake Leroy,"Weeks, Moore and Martin",184000
1377,Michael Oconnell,DevOps Engineer,"AWS,Docker,Kubernetes,CI/CD,Terraform,GraphQL,Git,Redis",7,South Dillon,"Buck, Morales and Mcdonald",207000
1378,Theresa Hamilton,Backend Engineer,"Python,Java,C++,SQL,API Design,Microservices,GraphQL,Git",11,Ibarraland,Torres-Collins,167000
1379,Jill Salazar,QA Engineer,"Testing,Automation,Selenium,JIRA,Git,Kafka,Azure",13,Lindaside,Vazquez Ltd,150000
1380,Zoe Jackson,Frontend Engineer,"JavaScript,React,TypeScript,HTML/CSS,Redux,Git,Jenkins,GCP",11,Johntown,"Russo, Reed and Hicks",111000
1381,Wesley Franco,Full-Stack Engineer,"JavaScript,Python,React,Django,Node.js,Azure",7,Ramosbury,Li Ltd,195000
1382,Heather Lyons,Frontend Engineer,"JavaScript,React,TypeScript,HTML/CSS,Redux,GraphQL,Redis",2,New Adam,Mcdonald-Guzman,193000
1383,Dominique Simmons,Frontend Engineer,"JavaScript,React,TypeScript,HTML/CSS,Redux,REST,PostgreSQL,NoSQL",2,Wardberg,Johnson PLC,205000
1384,Steven Graham,Product Manager,"Product Strategy,Agile,Scrum,Market Research,NoSQL",8,West Ashleybury,Frey and Sons,86000
1385,Lisa Taylor,QA Engineer,"Testing,Automation,Selenium,JIRA,Kafka,Azure",15,South Clairemouth,Krueger-Allen,96000
1386,Hayley Carpenter,Backend Engineer,"Python,Java,C++,SQL,API Design,Microservices,Git,Azure,GraphQL",6,Lynnfurt,Mosley-Jackson,190000
1387,Derek Grant,UX Designer,"Figma,User Research,Prototyping,UI/UX,GraphQL,GCP,PostgreSQL",2,North Albert,"Powell, Oliver and Brady",159000
1388,Hunter Brown,Frontend Engineer,"JavaScript,React,TypeScript,HTML/CSS,Redux,Azure,NoSQL",10,Scottfort,Torres-Daniel,176000
1389,Scott Dalton,Backend Engineer,"Python,Java,C++,SQL,API Design,Microservices,NoSQL,Jenkins,PostgreSQL",14,East Karl,Hernandez Inc,173000
1390,Anthony Montes,Backend Engineer,"Python,Java,C++,SQL,API Design,Microservices,REST,GCP",10,South Pamelaton,Taylor Inc,132000
1391,Riley Castro,Product Manager,"Product Strategy,Agile,Scrum,Market Research,GraphQL,REST,Redis",3,Clarkeberg,Harris PLC,128000
1392,Andrew Clements,Frontend Engineer,"JavaScript,React,TypeScript,HTML/CSS,Redux,GraphQL,Jenkins",8,South Jeanne,"Carlson, Gonzalez and Mercer",119000
1393,Melissa Fox,Backend Engineer,"Python,Java,C++,SQL,API Design,Microservices,REST",7,Port George,"Day, Wallace and Barber",219000
1394,Christine Carroll,Frontend Engineer,"JavaScript,React,TypeScript,HTML/CSS,Redux,Git,PostgreSQL,Redis",15,Murphyfort,"Salinas, Lane and Hale",220000
1395,Johnny Smith,DevOps Engineer,"AWS,Docker,Kubernetes,CI/CD,Terraform,Redis,Git,Kafka",13,Port Brooke,"Foster, Barnes and Morgan",82000
1396,Lindsay Mcmillan,Product Manager,"Product Strategy,Agile,Scrum,Market Research,Kafka,Redis",5,Annahaven,"Lamb, Hunter and Adams",120000
1397,Angelica Stewart,Backend Engineer,"Python,Java,C++,SQL,API Design,Microservices,Azure,Jenkins,GraphQL",10,North Evanville,Carpenter Ltd,83000
1398,Lisa Wilson,UX Designer,"Figma,User Research,Prototyping,UI/UX,GCP,Azure,REST",7,New Stevenchester,Higgins-Perkins,102000
1399,Michael Munoz,Frontend Engineer,"JavaScript,React,TypeScript,HTML/CSS,Redux,Git,GCP,REST",7,South Kathy,Parsons PLC,111000
1400,Thomas Palmer,Full-Stack Engineer,"JavaScript,Python,React,Django,Node.js,Azure,GraphQL,GCP",1,Wendyhaven,Caldwell LLC,217000
1401,Isaiah Farrell,Backend Engineer,"Python,Java,C++,SQL,API Design,Microservices,GraphQL,Git,NoSQL",4,North Patriciaburgh,"Burns, Johnston and Ochoa",192000
1402,Sarah Murray,Product Manager,"Product Strategy,Agile,Scrum,Market Research,Kafka,PostgreSQL,NoSQL",7,New Josephfurt,Reyes PLC,202000
1403,Michael Hicks,Full-Stack Engineer,"JavaScript,Python,React,Django,Node.js,Azure",2,Port Donna,"Dominguez, Casey and Wright",203000
1404,Steven King,Backend Engineer,"Python,Java,C++,SQL,API Design,Microservices,Kafka,PostgreSQL",8,East Sarahland,Buchanan Ltd,192000
1405,Adrian Johnson,Data Engineer,"Python,SQL,Spark,ETL,Data Pipelines,Git",3,Jasonview,"Martin, Knapp and Fischer",206000
1406,Troy Aguilar,Frontend Engineer,"JavaScript,React,TypeScript,HTML/CSS,Redux,NoSQL,PostgreSQL",6,Port Jessicaside,Combs Inc,104000
1407,Whitney Leonard,Frontend Engineer,"JavaScript,React,TypeScript,HTML/CSS,Redux,Kafka,Redis",8,New Alexis,Johnson LLC,165000
1408,Dwayne Moore,Full-Stack Engineer,"JavaScript,Python,React,Django,Node.js,Git",14,Lake Robert,Jackson and Sons,152000
1409,Kathryn Wood,Product Manager,"Product Strategy,Agile,Scrum,Market Research,NoSQL,GCP",9,Jennifershire,"Archer, Burns and Horton",122000
1410,Mallory Blankenship MD,Backend Engineer,"Python,Java,C++,SQL,API Design,Microservices,GraphQL,Jenkins,PostgreSQL",10,Port Johnville,Shaw-Bryant,177000
1411,Charles Jacobs,Product Manager,"Product Strategy,Agile,Scrum,Market Research,PostgreSQL,Azure,Git",6,Lake Jacob,Arias-Hunter,180000
1412,Brittany Lopez,QA Engineer,"Testing,Automation,Selenium,JIRA,GCP,NoSQL",5,Jenniferburgh,"Stanton, Cohen and Ware",81000
1413,Andrew Coleman,Data Scientist,"Python,Machine Learning,Statistics,Pandas,NoSQL,Jenkins,Redis",11,Woodsside,Short-Jones,160000
1414,Joshua Yates,Backend Engineer,"Python,Java,C++,SQL,API Design,Microservices,Jenkins,NoSQL,Redis",3,Lake Robert,"Curtis, Madden and Dean",103000
1415,Mr. Timothy Romero Jr.,Data Engineer,"Python,SQL,Spark,ETL,Data Pipelines,REST,NoSQL,GraphQL",12,South Robertfurt,Walters-Bradley,132000
1416,John Stuart,Data Scientist,"Python,Machine Learning,Statistics,Pandas,Redis",9,New Evanbury,Hernandez LLC,84000
1417,Heather Miller,Data Engineer,"Python,SQL,Spark,ETL,Data Pipelines,Azure,GCP,Kafka",11,South Jessicamouth,Shields Ltd,159000
1418,John Robinson,Full-Stack Engineer,"JavaScript,Python,React,Django,Node.js,GCP",12,Duranberg,David-Smith,148000
1419,Kenneth Avery,Frontend Engineer,"JavaScript,React,TypeScript,HTML/CSS,Redux,Redis,Git,PostgreSQL",3,Jameschester,Lee Group,215000
1420,Jeffrey Wilson,Frontend Engineer,"JavaScript,React,TypeScript,HTML/CSS,Redux,Jenkins,Azure,Redis",1,Seanfort,"Marshall, Wu and Gonzalez",94000
1421,Scott Cook,Backend Engineer,"Python,Java,C++,SQL,API Design,Microservices,NoSQL,Jenkins,Kafka",13,Lake Coryland,"Garcia, Cordova and Henderson",182000
1422,Terry Gentry,Frontend Engineer,"JavaScript,React,TypeScript,HTML/CSS,Redux,PostgreSQL",5,North Kyle,Anderson-Peterson,197000
1423,Misty Marks,Backend Engineer,"Python,Java,C++,SQL,API Design,Microservices,Redis,GraphQL,Git",12,North Timothymouth,"York, Webb and Sims",106000
1424,Anna Dawson,Frontend Engineer,"JavaScript,React,TypeScript,HTML/CSS,Redux,Kafka",4,South Kevin,Osborne Ltd,160000
1425,Garrett Hanson,Full-Stack Engineer,"JavaScript,Python,React,Django,Node.js,NoSQL,PostgreSQL,Kafka",14,Huntland,"Keith, Nelson and Warren",144000
1426,Gloria Gutierrez,Full-Stack Engineer,"JavaScript,Python,React,Django,Node.js,Redis",12,Troybury,"Mendoza, Smith and Meza",143000
1427,Susan Roberson,Backend Engineer,"Python,Java,C++,SQL,API Design,Microservices,Git",14,Davidchester,Miller and Sons,147000
1428,Richard Ford,Backend Engineer,"Python,Java,C++,SQL,API Design,Microservices,Jenkins",13,Lake Yvette,Williams Group,129000
1429,Jenna Carroll,Product Manager,"Product Strategy,Agile,Scrum,Market Research,PostgreSQL,Azure,REST",5,Jenniferfort,Schneider-Choi,124000
1430,Thomas Reed,Backend Engineer,"Python,Java,C++,SQL,API Design,Microservices,GCP,Jenkins,Kafka",12,North Danielstad,Rodriguez LLC,173000
1431,Rachel Perry,Data Engineer,"Python,SQL,Spark,ETL,Data Pipelines,Kafka",13,Port Briannamouth,Massey-Martin,163000
1432,Jordan Jones,Frontend Engineer,"JavaScript,React,TypeScript,HTML/CSS,Redux,Git,Kafka,REST",3,Nancymouth,Peterson-Bates,169000
1433,Kayla Moran,Frontend Engineer,"JavaScript,React,TypeScript,HTML/CSS,Redux,REST,Kafka,GraphQL",12,Lake Kimberlychester,"Bautista, Suarez and Lopez",128000
1434,Richard Russell,DevOps Engineer,"AWS,Docker,Kubernetes,CI/CD,Terraform,Redis,PostgreSQL,Git",15,Martinezberg,Harris-Nelson,134000
1435,Melissa Fowler,Product Manager,"Product Strategy,Agile,Scrum,Market Research,Git,NoSQL,REST",4,East Lisa,Santana PLC,157000
1436,Sandra Tran,Backend Engineer,"Python,Java,C++,SQL,API Design,Microservices,PostgreSQL",12,Staceyfurt,"Lopez, Adams and Gibson",96000
1437,Chelsey Thompson,Frontend Engineer,"JavaScript,React,TypeScript,HTML/CSS,Redux,Jenkins,GraphQL",4,East Michaelchester,Berry-Brown,92000
1438,Donna Frey,Data Engineer,"Python,SQL,Spark,ETL,Data Pipelines,GraphQL,Redis",14,West Meagan,"Stewart, Murphy and Hudson",206000
1439,Raymond Sanford,Backend Engineer,"Python,Java,C++,SQL,API Design,Microservices,Kafka",8,Edwardsstad,Hampton LLC,154000
1440,Ryan Smith,Frontend Engineer,"JavaScript,React,TypeScript,HTML/CSS,Redux,Redis,NoSQL",8,Lake Noah,"Henderson, Gardner and Mann",145000
1441,Michele Green,UX Designer,"Figma,User Research,Prototyping,UI/UX,NoSQL,GCP",4,Port Calebtown,Baker Ltd,198000
1442,Karen Jones,Backend Engineer,"Python,Java,C++,SQL,API Design,Microservices,NoSQL,GraphQL",14,Longshire,"White, Roach and Bartlett",85000
1443,Jack Hill,Backend Engineer,"Python,Java,C++,SQL,API Design,Microservices,Azure,NoSQL,Kafka",3,South Patricia,Thompson Ltd,121000
1444,Tiffany Parrish,Frontend Engineer,"JavaScript,React,TypeScript,HTML/CSS,Redux,Jenkins",1,Malonechester,"Parker, Robinson and Peterson",217000
1445,Alexander Johnson,Data Engineer,"Python,SQL,Spark,ETL,Data Pipelines,Azure,Git",6,Mindyville,Roth-Wilcox,83000
1446,Kristen Oliver,Backend Engineer,"Python,Java,C++,SQL,API Design,Microservices,PostgreSQL,Kafka",12,North Jennifer,Kelley-Hicks,176000
1447,Brandon Noble,Backend Engineer,"Python,Java,C++,SQL,API Design,Microservices,GCP",1,Ashleebury,Roberts-Higgins,194000
1448,Matthew Reyes,Frontend Engineer,"JavaScript,React,TypeScript,HTML/CSS,Redux,Kafka,GCP,Git",12,Johnstad,Ortega PLC,155000
1449,Thomas Berry,QA Engineer,"Testing,Automation,Selenium,JIRA,GCP,Redis,Git",1,New Oscarchester,Cruz Ltd,194000
1450,Kristina Hernandez,Backend Engineer,"Python,Java,C++,SQL,API Design,Microservices,Git,GCP,Azure",4,Fowlerport,Hodge PLC,140000
1451,Sarah Cox,Product Manager,"Product Strategy,Agile,Scrum,Market Research,GCP,REST,Redis",5,Kimberlyville,"Henry, Rodriguez and Kramer",95000
1452,Jessica Newman,Data Engineer,"Python,SQL,Spark,ETL,Data Pipelines,GCP,Azure,REST",12,Wanghaven,Miller Group,140000
1453,Megan Levy,Product Manager,"Product Strategy,Agile,Scrum,Market Research,Jenkins,NoSQL,GraphQL",7,New Brandonstad,"Allen, Mckay and Johnson",181000
1454,Ian Burnett,Full-Stack Engineer,"JavaScript,Python,React,Django,Node.js,GraphQL,Jenkins",9,Port Jamesmouth,"Paul, Smith and Flores",121000
1455,Edward Brooks,QA Engineer,"Testing,Automation,Selenium,JIRA,Redis,GraphQL",8,Jerrychester,Davis LLC,205000
1456,Douglas White,Frontend Engineer,"JavaScript,React,TypeScript,HTML/CSS,Redux,REST,Azure,Jenkins",8,Ronaldville,Jones-Brown,196000
1457,Joshua Morris,Product Manager,"Product Strategy,Agile,Scrum,Market Research,Git",10,Mooreview,"Carrillo, Flowers and Burgess",197000
1458,Adam Campbell,Backend Engineer,"Python,Java,C++,SQL,API Design,Microservices,PostgreSQL",11,East Valerieside,Stewart Inc,93000
1459,Paul Valenzuela,Frontend Engineer,"JavaScript,React,TypeScript,HTML/CSS,Redux,Redis,NoSQL",9,New Brandon,Cross LLC,187000
1460,Courtney Blake,Frontend Engineer,"JavaScript,React,TypeScript,HTML/CSS,Redux,Git",11,North Jaime,Allen-Daniels,112000
1461,Edward Fields,Data Engineer,"Python,SQL,Spark,ETL,Data Pipelines,PostgreSQL,Jenkins,REST",2,Wolfeport,"Maynard, Adams and Lawrence",90000
1462,Nicholas Humphrey,UX Designer,"Figma,User Research,Prototyping,UI/UX,Redis",11,Limouth,Anderson Ltd,152000
1463,John Taylor,DevOps Engineer,"AWS,Docker,Kubernetes,CI/CD,Terraform,Azure",11,Tamaraburgh,Collins-Pierce,117000
1464,Amber Sexton,Frontend Engineer,"JavaScript,React,TypeScript,HTML/CSS,Redux,PostgreSQL",12,Johnsonfort,"Dickson, Patterson and Franklin",81000
1465,Christina Reynolds,Backend Engineer,"Python,Java,C++,SQL,API Design,Microservices,PostgreSQL",9,West Kaitlinport,Rogers Inc,126000
1466,Amy Martin,DevOps Engineer,"AWS,Docker,Kubernetes,CI/CD,Terraform,NoSQL,Git",6,Judyhaven,George Ltd,162000
1467,Stephanie Summers,QA Engineer,"Testing,Automation,Selenium,JIRA,Git",15,Simmonschester,Perez-Villa,195000
1468,Michael Jordan,Backend Engineer,"Python,Java,C++,SQL,API Design,Microservices,PostgreSQL",1,Lake Cynthiafurt,Gutierrez-Smith,187000
1469,Jillian Moody,Backend Engineer,"Python,Java,C++,SQL,API Design,Microservices,Git,GraphQL,Kafka",3,Stephenside,Frey-Lopez,205000
1470,Abigail White,Frontend Engineer,"JavaScript,React,TypeScript,HTML/CSS,Redux,NoSQL",10,Emmatown,Gonzalez-Smith,143000
1471,Mr. Aaron Patel DVM,Full-Stack Engineer,"JavaScript,Python,React,Django,Node.js,REST,PostgreSQL",10,North Charles,"Knight, Smith and Hardy",153000
1472,Bridget Newman,Frontend Engineer,"JavaScript,React,TypeScript,HTML/CSS,Redux,Azure,REST,NoSQL",6,South Veronica,Rodriguez-Thomas,146000
1473,Steven Patrick,Product Manager,"Product Strategy,Agile,Scrum,Market Research,Jenkins",7,Raymondbury,Golden-Mccarthy,174000
1474,Lisa Herrera,Backend Engineer,"Python,Java,C++,SQL,API Design,Microservices,Git,REST,Jenkins",5,Carolland,"Cox, Miller and Brown",127000
1475,Christopher James,Frontend Engineer,"JavaScript,React,TypeScript,HTML/CSS,Redux,Jenkins,NoSQL,GraphQL",9,Webbfort,Flores Ltd,137000
1476,Chad Horton,Product Manager,"Product Strategy,Agile,Scrum,Market Research,Redis,Jenkins,PostgreSQL",13,Millerstad,Gay PLC,216000
1477,Carrie Allison,Data Engineer,"Python,SQL,Spark,ETL,Data Pipelines,Kafka,PostgreSQL",2,Robertmouth,Robinson-Shelton,119000
1478,Joshua Gonzalez,Full-Stack Engineer,"JavaScript,Python,React,Django,Node.js,Redis,REST",10,Lake Jillmouth,Wolf Group,95000
1479,Jacqueline Johnson,Product Manager,"Product Strategy,Agile,Scrum,Market Research,PostgreSQL,Git,Azure",10,East Alyssaland,Mills LLC,135000
1480,Matthew Salas,Backend Engineer,"Python,Java,C++,SQL,API Design,Microservices,Azure,Redis",5,Timothymouth,"Nash, Daniel and Jones",122000
1481,Tiffany Williams,Full-Stack Engineer,"JavaScript,Python,React,Django,Node.js,Jenkins,GraphQL,Azure",4,Loganland,Fox-Anderson,92000
1482,Nicholas Mcknight,Full-Stack Engineer,"JavaScript,Python,React,Django,Node.js,Git",13,New Susanchester,"Morrow, Davis and Smith",120000
1483,Alison Colon,Frontend Engineer,"JavaScript,React,TypeScript,HTML/CSS,Redux,Git",4,Johnton,"Briggs, Cortez and Williams",156000
1484,Tiffany Cobb,Data Engineer,"Python,SQL,Spark,ETL,Data Pipelines,GraphQL,Jenkins,NoSQL",15,Port Bonnie,Banks-Adams,98000
1485,Jessica Oneill,Data Engineer,"Python,SQL,Spark,ETL,Data Pipelines,Kafka",12,Vasquezside,"Smith, Jackson and Snow",112000
1486,James White,QA Engineer,"Testing,Automation,Selenium,JIRA,Redis",15,Rowemouth,"Hodges, Moody and Cortez",101000
1487,Alisha Holland,Frontend Engineer,"JavaScript,React,TypeScript,HTML/CSS,Redux,REST",4,Justintown,Johnston LLC,138000
1488,Alexander Wilson,Backend Engineer,"Python,Java,C++,SQL,API Design,Microservices,Kafka",15,Shahland,Richardson-Delgado,129000
1489,Suzanne Morrison,Product Manager,"Product Strategy,Agile,Scrum,Market Research,NoSQL",15,South Kevin,Martinez-Harris,153000
1490,Pamela Rodriguez,QA Engineer,"Testing,Automation,Selenium,JIRA,Git,Jenkins",5,Tracystad,"Norton, Mendoza and Christian",195000
1491,Gary Mcknight,Backend Engineer,"Python,Java,C++,SQL,API Design,Microservices,NoSQL,PostgreSQL",5,Justinmouth,Martinez PLC,209000
1492,Jared Valentine,Full-Stack Engineer,"JavaScript,Python,React,Django,Node.js,Redis,Azure,Jenkins",6,New Douglas,"Hawkins, Burgess and Bell",109000
1493,Chelsey Simon,Backend Engineer,"Python,Java,C++,SQL,API Design,Microservices,NoSQL,GraphQL,Jenkins",11,Steveland,"Maldonado, Crane and Quinn",98000
1494,Mackenzie Woodward,Frontend Engineer,"JavaScript,React,TypeScript,HTML/CSS,Redux,Jenkins,GCP",6,Kaitlynmouth,Mahoney and Sons,152000
1495,Greg Perez,Product Manager,"Product Strategy,Agile,Scrum,Market Research,Git,Redis,GraphQL",6,Woodsborough,West LLC,215000
1496,Donald Terry,Data Engineer,"Python,SQL,Spark,ETL,Data Pipelines,GCP,Azure,GraphQL",15,Hunterburgh,Brown-Rodriguez,170000
1497,Christopher Norman,Full-Stack Engineer,"JavaScript,Python,React,Django,Node.js,GraphQL,Redis",1,Calvinland,"Sloan, Mullen and Shaw",125000
1498,Jacqueline Mcclain,Frontend Engineer,"JavaScript,React,TypeScript,HTML/CSS,Redux,GCP",6,Lake Yvonneton,Hendricks PLC,195000
1499,Anthony Bailey,Backend Engineer,"Python,Java,C++,SQL,API Design,Microservices,NoSQL,Azure",11,Lake Christinamouth,"Kim, West and Morris",148000
